{"cameraMode":{"drawMode":0,"name":"Shaded","section":"Shading Mode"},"sceneLighting":false,"audioPlay":false,"sceneViewState":{"m_AlwaysRefresh":false,"showFog":true,"showSkybox":false,"showFlares":true,"showImageEffects":true,"showParticleSystems":true,"showVisualEffectGraphs":true,"m_FxEnabled":true},"in2DMode":false,"pivot":{"x":2.9802322387695315e-8,"y":0.014283699914813042,"z":5.960464477539063e-8},"rotation":{"x":-0.2777671217918396,"y":-0.07350005954504013,"z":0.02134837582707405,"w":-0.9576305747032166},"size":0.23112691938877107,"orthographic":false}