{"cameraMode":{"drawMode":0,"name":"Shaded","section":"Shading Mode"},"sceneLighting":false,"audioPlay":false,"sceneViewState":{"m_AlwaysRefresh":false,"showFog":true,"showSkybox":false,"showFlares":true,"showImageEffects":true,"showParticleSystems":true,"showVisualEffectGraphs":true,"m_FxEnabled":true},"in2DMode":false,"pivot":{"x":0.00006401538848876953,"y":0.390801340341568,"z":0.2598717212677002},"rotation":{"x":-0.11040765047073364,"y":0.19396737217903138,"z":-0.02197408862411976,"w":-0.974542498588562},"size":1.3986490964889527,"orthographic":false}