{"cameraMode":{"drawMode":0,"name":"Shaded","section":"Shading Mode"},"sceneLighting":false,"audioPlay":false,"sceneViewState":{"m_AlwaysRefresh":false,"showFog":true,"showSkybox":false,"showFlares":true,"showImageEffects":true,"showParticleSystems":true,"showVisualEffectGraphs":true,"m_FxEnabled":true},"in2DMode":false,"pivot":{"x":3.490999937057495,"y":0.5199999809265137,"z":0.6499999761581421},"rotation":{"x":-0.13335783779621125,"y":0.029622623696923257,"z":-0.003966259770095348,"w":-0.9906482696533203},"size":0.08660252392292023,"orthographic":false}