{"cameraMode":{"drawMode":0,"name":"Shaded","section":"Shading Mode"},"sceneLighting":false,"audioPlay":false,"sceneViewState":{"m_AlwaysRefresh":false,"showFog":true,"showSkybox":false,"showFlares":true,"showImageEffects":true,"showParticleSystems":true,"showVisualEffectGraphs":true,"m_FxEnabled":true},"in2DMode":false,"pivot":{"x":2.384185791015625e-7,"y":0.3920745253562927,"z":-0.04296612739562988},"rotation":{"x":0.2250145524740219,"y":-0.4664098620414734,"z":0.12396800518035889,"w":0.8464658260345459},"size":1.5716850757598878,"orthographic":false}