{"cameraMode":{"drawMode":0,"name":"Shaded","section":"Shading Mode"},"sceneLighting":false,"audioPlay":false,"sceneViewState":{"m_AlwaysRefresh":false,"showFog":true,"showSkybox":false,"showFlares":true,"showImageEffects":true,"showParticleSystems":true,"showVisualEffectGraphs":true,"m_FxEnabled":true},"in2DMode":false,"pivot":{"x":0.0010928064584732056,"y":0.03175167366862297,"z":-0.010298848152160645},"rotation":{"x":-0.2777671217918396,"y":-0.07350005954504013,"z":0.02134837582707405,"w":-0.9576305747032166},"size":0.16227208077907563,"orthographic":false}