{"cameraMode":{"drawMode":0,"name":"Shaded","section":"Shading Mode"},"sceneLighting":true,"audioPlay":false,"sceneViewState":{"m_AlwaysRefresh":false,"showFog":true,"showSkybox":true,"showFlares":true,"showImageEffects":true,"showParticleSystems":true,"showVisualEffectGraphs":true,"m_FxEnabled":true},"in2DMode":false,"pivot":{"x":-12.046884536743164,"y":-7.170805931091309,"z":15.291402816772461},"rotation":{"x":-0.1904078871011734,"y":0.35572677850723269,"z":-0.07424242049455643,"w":-0.9120146036148071},"size":12.447440147399903,"orthographic":false}